User_ID,Total_Spent,Days_Since_Last_Order,Retention_Risk
1386,7903.98,86,"AT RISK"
1769,6509.16,61,"AT RISK"
1306,6044.22,63,"AT RISK"
2296,6044.22,184,CHURNED
2359,6044.22,192,CHURNED
2553,6044.22,121,CHURNED
4597,6044.22,81,"AT RISK"
4863,6044.22,104,CHURNED
4959,6044.22,90,"AT RISK"
1191,5579.28,131,CHURNED
1270,5579.28,158,CHURNED
1364,5579.28,74,"AT RISK"
1541,5579.28,69,"AT RISK"
1545,5579.28,152,CHURNED
1873,5579.28,91,CHURNED
1920,5579.28,61,"AT RISK"
2230,5579.28,88,"AT RISK"
2356,5579.28,95,CHURNED
2772,5579.28,90,"AT RISK"
3142,5579.28,63,"AT RISK"
3665,5579.28,153,CHURNED
4218,5579.28,101,CHURNED
4289,5579.28,71,"AT RISK"
4453,5579.28,66,"AT RISK"
1081,5114.34,104,CHURNED
1138,5114.34,106,CHURNED
1253,5114.34,72,"AT RISK"
1433,5114.34,179,CHURNED
1966,5114.34,77,"AT RISK"
2104,5114.34,123,CHURNED
2443,5114.34,66,"AT RISK"
2759,5114.34,73,"AT RISK"
2863,5114.34,65,"AT RISK"
2881,5114.34,61,"AT RISK"
2914,5114.34,126,CHURNED
2932,5114.34,73,"AT RISK"
2960,5114.34,144,CHURNED
3063,5114.34,91,CHURNED
3068,5114.34,160,CHURNED
3209,5114.34,68,"AT RISK"
3320,5114.34,65,"AT RISK"
3443,5114.34,113,CHURNED
3502,5114.34,68,"AT RISK"
3550,5114.34,163,CHURNED
3575,5114.34,83,"AT RISK"
3667,5114.34,237,CHURNED
3668,5114.34,79,"AT RISK"
3696,5114.34,106,CHURNED
3808,5114.34,102,CHURNED
3841,5114.34,96,CHURNED
3884,5114.34,70,"AT RISK"
4033,5114.34,152,CHURNED
4044,5114.34,74,"AT RISK"
4275,5114.34,65,"AT RISK"
4291,5114.34,68,"AT RISK"
4300,5114.34,100,CHURNED
4598,5114.34,189,CHURNED
4631,5114.34,209,CHURNED
4644,5114.34,94,CHURNED
4718,5114.34,62,"AT RISK"
4932,5114.34,124,CHURNED
1015,4649.40,97,CHURNED
1091,4649.40,77,"AT RISK"
1136,4649.40,104,CHURNED
1197,4649.40,149,CHURNED
1201,4649.40,88,"AT RISK"
1216,4649.40,172,CHURNED
1256,4649.40,361,CHURNED
1258,4649.40,133,CHURNED
1329,4649.40,63,"AT RISK"
1404,4649.40,92,CHURNED
1428,4649.40,67,"AT RISK"
1452,4649.40,264,CHURNED
1475,4649.40,102,CHURNED
1519,4649.40,124,CHURNED
1667,4649.40,201,CHURNED
1820,4649.40,67,"AT RISK"
1989,4649.40,75,"AT RISK"
1998,4649.40,78,"AT RISK"
2062,4649.40,62,"AT RISK"
2076,4649.40,114,CHURNED
2079,4649.40,90,"AT RISK"
2080,4649.40,186,CHURNED
2089,4649.40,90,"AT RISK"
2094,4649.40,227,CHURNED
2136,4649.40,164,CHURNED
2283,4649.40,145,CHURNED
2312,4649.40,100,CHURNED
2439,4649.40,62,"AT RISK"
2564,4649.40,76,"AT RISK"
2656,4649.40,69,"AT RISK"
2663,4649.40,95,CHURNED
2698,4649.40,232,CHURNED
2711,4649.40,102,CHURNED
2716,4649.40,147,CHURNED
2749,4649.40,155,CHURNED
2773,4649.40,155,CHURNED
2777,4649.40,69,"AT RISK"
2855,4649.40,162,CHURNED
2908,4649.40,140,CHURNED
2969,4649.40,293,CHURNED
3024,4649.40,80,"AT RISK"
3060,4649.40,73,"AT RISK"
3156,4649.40,161,CHURNED
3241,4649.40,75,"AT RISK"
3248,4649.40,107,CHURNED
3258,4649.40,109,CHURNED
3265,4649.40,109,CHURNED
3317,4649.40,77,"AT RISK"
3397,4649.40,85,"AT RISK"
3427,4649.40,142,CHURNED
3497,4649.40,86,"AT RISK"
3521,4649.40,73,"AT RISK"
3558,4649.40,100,CHURNED
3636,4649.40,155,CHURNED
3670,4649.40,81,"AT RISK"
3823,4649.40,74,"AT RISK"
3915,4649.40,153,CHURNED
3938,4649.40,79,"AT RISK"
3946,4649.40,63,"AT RISK"
3962,4649.40,73,"AT RISK"
4096,4649.40,164,CHURNED
4148,4649.40,110,CHURNED
4227,4649.40,105,CHURNED
4317,4649.40,106,CHURNED
4331,4649.40,96,CHURNED
4336,4649.40,136,CHURNED
4347,4649.40,101,CHURNED
4420,4649.40,97,CHURNED
4447,4649.40,202,CHURNED
4545,4649.40,166,CHURNED
4603,4649.40,124,CHURNED
4708,4649.40,101,CHURNED
4764,4649.40,68,"AT RISK"
4791,4649.40,96,CHURNED
4845,4649.40,61,"AT RISK"
4879,4649.40,98,CHURNED
4936,4649.40,63,"AT RISK"
4956,4649.40,135,CHURNED
4970,4649.40,163,CHURNED
1038,4184.46,71,"AT RISK"
1040,4184.46,72,"AT RISK"
1048,4184.46,84,"AT RISK"
1054,4184.46,129,CHURNED
1061,4184.46,158,CHURNED
1110,4184.46,128,CHURNED
1111,4184.46,64,"AT RISK"
1171,4184.46,74,"AT RISK"
1252,4184.46,260,CHURNED
1282,4184.46,68,"AT RISK"
1335,4184.46,72,"AT RISK"
1337,4184.46,75,"AT RISK"
1400,4184.46,214,CHURNED
1459,4184.46,94,CHURNED
1480,4184.46,208,CHURNED
1520,4184.46,81,"AT RISK"
1527,4184.46,74,"AT RISK"
1546,4184.46,132,CHURNED
1633,4184.46,73,"AT RISK"
1645,4184.46,167,CHURNED
1719,4184.46,350,CHURNED
1729,4184.46,79,"AT RISK"
1758,4184.46,117,CHURNED
1782,4184.46,142,CHURNED
1819,4184.46,95,CHURNED
1870,4184.46,130,CHURNED
1875,4184.46,87,"AT RISK"
1896,4184.46,181,CHURNED
1904,4184.46,117,CHURNED
1954,4184.46,125,CHURNED
1958,4184.46,76,"AT RISK"
1974,4184.46,89,"AT RISK"
1984,4184.46,90,"AT RISK"
1990,4184.46,73,"AT RISK"
2045,4184.46,111,CHURNED
2057,4184.46,142,CHURNED
2065,4184.46,99,CHURNED
2109,4184.46,93,CHURNED
2134,4184.46,73,"AT RISK"
2138,4184.46,128,CHURNED
2205,4184.46,128,CHURNED
2206,4184.46,97,CHURNED
2269,4184.46,62,"AT RISK"
2308,4184.46,97,CHURNED
2319,4184.46,68,"AT RISK"
2333,4184.46,170,CHURNED
2341,4184.46,96,CHURNED
2377,4184.46,138,CHURNED
2388,4184.46,115,CHURNED
2390,4184.46,119,CHURNED
2391,4184.46,67,"AT RISK"
2410,4184.46,111,CHURNED
2449,4184.46,123,CHURNED
2461,4184.46,73,"AT RISK"
2471,4184.46,206,CHURNED
2473,4184.46,133,CHURNED
2494,4184.46,309,CHURNED
2548,4184.46,185,CHURNED
2556,4184.46,62,"AT RISK"
2560,4184.46,66,"AT RISK"
2588,4184.46,377,CHURNED
2604,4184.46,113,CHURNED
2635,4184.46,158,CHURNED
2636,4184.46,168,CHURNED
2660,4184.46,104,CHURNED
2676,4184.46,94,CHURNED
2687,4184.46,136,CHURNED
2811,4184.46,86,"AT RISK"
2865,4184.46,81,"AT RISK"
2878,4184.46,76,"AT RISK"
2907,4184.46,171,CHURNED
2913,4184.46,127,CHURNED
2937,4184.46,190,CHURNED
2959,4184.46,65,"AT RISK"
3010,4184.46,77,"AT RISK"
3030,4184.46,67,"AT RISK"
3094,4184.46,158,CHURNED
3105,4184.46,128,CHURNED
3134,4184.46,73,"AT RISK"
3151,4184.46,180,CHURNED
3261,4184.46,86,"AT RISK"
3278,4184.46,162,CHURNED
3300,4184.46,67,"AT RISK"
3305,4184.46,157,CHURNED
3324,4184.46,114,CHURNED
3403,4184.46,110,CHURNED
3470,4184.46,102,CHURNED
3475,4184.46,113,CHURNED
3518,4184.46,149,CHURNED
3532,4184.46,145,CHURNED
3593,4184.46,105,CHURNED
3635,4184.46,168,CHURNED
3675,4184.46,114,CHURNED
3731,4184.46,99,CHURNED
3747,4184.46,79,"AT RISK"
3764,4184.46,62,"AT RISK"
3768,4184.46,104,CHURNED
3857,4184.46,182,CHURNED
3869,4184.46,89,"AT RISK"
3875,4184.46,145,CHURNED
3883,4184.46,208,CHURNED
3922,4184.46,80,"AT RISK"
3933,4184.46,97,CHURNED
3940,4184.46,65,"AT RISK"
3947,4184.46,194,CHURNED
3966,4184.46,129,CHURNED
3994,4184.46,94,CHURNED
4092,4184.46,76,"AT RISK"
4130,4184.46,111,CHURNED
4136,4184.46,88,"AT RISK"
4155,4184.46,230,CHURNED
4164,4184.46,96,CHURNED
4174,4184.46,89,"AT RISK"
4179,4184.46,198,CHURNED
4235,4184.46,116,CHURNED
4280,4184.46,83,"AT RISK"
4297,4184.46,84,"AT RISK"
4308,4184.46,67,"AT RISK"
4348,4184.46,98,CHURNED
4389,4184.46,224,CHURNED
4397,4184.46,105,CHURNED
4430,4184.46,102,CHURNED
4435,4184.46,148,CHURNED
4512,4184.46,176,CHURNED
4561,4184.46,94,CHURNED
4573,4184.46,170,CHURNED
4580,4184.46,223,CHURNED
4591,4184.46,81,"AT RISK"
4594,4184.46,267,CHURNED
4611,4184.46,236,CHURNED
4618,4184.46,206,CHURNED
4634,4184.46,93,CHURNED
4638,4184.46,109,CHURNED
4641,4184.46,136,CHURNED
4654,4184.46,253,CHURNED
4655,4184.46,89,"AT RISK"
4670,4184.46,77,"AT RISK"
4729,4184.46,99,CHURNED
4730,4184.46,65,"AT RISK"
4766,4184.46,71,"AT RISK"
4799,4184.46,63,"AT RISK"
4837,4184.46,196,CHURNED
4843,4184.46,103,CHURNED
4875,4184.46,82,"AT RISK"
4877,4184.46,88,"AT RISK"
4985,4184.46,100,CHURNED
4988,4184.46,125,CHURNED
1020,3719.52,235,CHURNED
1021,3719.52,86,"AT RISK"
1030,3719.52,63,"AT RISK"
1037,3719.52,147,CHURNED
1042,3719.52,115,CHURNED
1060,3719.52,96,CHURNED
1062,3719.52,71,"AT RISK"
1067,3719.52,80,"AT RISK"
1092,3719.52,111,CHURNED
1100,3719.52,79,"AT RISK"
1105,3719.52,92,CHURNED
1122,3719.52,101,CHURNED
1129,3719.52,87,"AT RISK"
1143,3719.52,152,CHURNED
1153,3719.52,124,CHURNED
1164,3719.52,83,"AT RISK"
1178,3719.52,185,CHURNED
1220,3719.52,68,"AT RISK"
1264,3719.52,113,CHURNED
1269,3719.52,77,"AT RISK"
1275,3719.52,169,CHURNED
1298,3719.52,75,"AT RISK"
1319,3719.52,141,CHURNED
1339,3719.52,118,CHURNED
1340,3719.52,83,"AT RISK"
1372,3719.52,62,"AT RISK"
1402,3719.52,96,CHURNED
1405,3719.52,61,"AT RISK"
1411,3719.52,72,"AT RISK"
1426,3719.52,125,CHURNED
1463,3719.52,156,CHURNED
1464,3719.52,194,CHURNED
1530,3719.52,65,"AT RISK"
1540,3719.52,127,CHURNED
1552,3719.52,174,CHURNED
1567,3719.52,136,CHURNED
1569,3719.52,100,CHURNED
1580,3719.52,135,CHURNED
1594,3719.52,210,CHURNED
1615,3719.52,189,CHURNED
1648,3719.52,81,"AT RISK"
1687,3719.52,75,"AT RISK"
1716,3719.52,219,CHURNED
1722,3719.52,71,"AT RISK"
1730,3719.52,114,CHURNED
1767,3719.52,173,CHURNED
1829,3719.52,121,CHURNED
1847,3719.52,93,CHURNED
1861,3719.52,99,CHURNED
1869,3719.52,130,CHURNED
1883,3719.52,82,"AT RISK"
1886,3719.52,92,CHURNED
1898,3719.52,95,CHURNED
1901,3719.52,133,CHURNED
1918,3719.52,82,"AT RISK"
1951,3719.52,98,CHURNED
1956,3719.52,133,CHURNED
1961,3719.52,215,CHURNED
1973,3719.52,199,CHURNED
1991,3719.52,203,CHURNED
2008,3719.52,244,CHURNED
2051,3719.52,128,CHURNED
2067,3719.52,84,"AT RISK"
2161,3719.52,113,CHURNED
2165,3719.52,133,CHURNED
2187,3719.52,71,"AT RISK"
2204,3719.52,100,CHURNED
2211,3719.52,68,"AT RISK"
2214,3719.52,149,CHURNED
2219,3719.52,103,CHURNED
2280,3719.52,90,"AT RISK"
2313,3719.52,228,CHURNED
2358,3719.52,143,CHURNED
2369,3719.52,125,CHURNED
2380,3719.52,117,CHURNED
2384,3719.52,117,CHURNED
2403,3719.52,119,CHURNED
2421,3719.52,61,"AT RISK"
2425,3719.52,186,CHURNED
2428,3719.52,127,CHURNED
2459,3719.52,83,"AT RISK"
2477,3719.52,137,CHURNED
2485,3719.52,300,CHURNED
2521,3719.52,63,"AT RISK"
2545,3719.52,80,"AT RISK"
2567,3719.52,79,"AT RISK"
2568,3719.52,81,"AT RISK"
2571,3719.52,209,CHURNED
2577,3719.52,61,"AT RISK"
2598,3719.52,142,CHURNED
2643,3719.52,148,CHURNED
2658,3719.52,93,CHURNED
2675,3719.52,129,CHURNED
2686,3719.52,66,"AT RISK"
2710,3719.52,67,"AT RISK"
2736,3719.52,182,CHURNED
2751,3719.52,148,CHURNED
2753,3719.52,172,CHURNED
2787,3719.52,95,CHURNED
2796,3719.52,108,CHURNED
2798,3719.52,110,CHURNED
2808,3719.52,69,"AT RISK"
2857,3719.52,158,CHURNED
2866,3719.52,160,CHURNED
2877,3719.52,227,CHURNED
2884,3719.52,163,CHURNED
2890,3719.52,105,CHURNED
2893,3719.52,102,CHURNED
2909,3719.52,87,"AT RISK"
2910,3719.52,161,CHURNED
2939,3719.52,65,"AT RISK"
2964,3719.52,138,CHURNED
2972,3719.52,79,"AT RISK"
2977,3719.52,77,"AT RISK"
2979,3719.52,79,"AT RISK"
3006,3719.52,65,"AT RISK"
3059,3719.52,74,"AT RISK"
3074,3719.52,126,CHURNED
3104,3719.52,230,CHURNED
3116,3719.52,115,CHURNED
3123,3719.52,85,"AT RISK"
3125,3719.52,154,CHURNED
3135,3719.52,217,CHURNED
3178,3719.52,187,CHURNED
3196,3719.52,89,"AT RISK"
3208,3719.52,481,CHURNED
3217,3719.52,139,CHURNED
3285,3719.52,185,CHURNED
3291,3719.52,68,"AT RISK"
3307,3719.52,188,CHURNED
3335,3719.52,104,CHURNED
3340,3719.52,207,CHURNED
3354,3719.52,139,CHURNED
3389,3719.52,232,CHURNED
3400,3719.52,79,"AT RISK"
3442,3719.52,145,CHURNED
3457,3719.52,91,CHURNED
3463,3719.52,145,CHURNED
3486,3719.52,280,CHURNED
3493,3719.52,108,CHURNED
3533,3719.52,244,CHURNED
3538,3719.52,72,"AT RISK"
3546,3719.52,100,CHURNED
3553,3719.52,106,CHURNED
3559,3719.52,65,"AT RISK"
3613,3719.52,139,CHURNED
3630,3719.52,98,CHURNED
3653,3719.52,91,CHURNED
3657,3719.52,88,"AT RISK"
3659,3719.52,62,"AT RISK"
3700,3719.52,179,CHURNED
3711,3719.52,61,"AT RISK"
3713,3719.52,66,"AT RISK"
3799,3719.52,110,CHURNED
3828,3719.52,135,CHURNED
3867,3719.52,176,CHURNED
3895,3719.52,161,CHURNED
3897,3719.52,94,CHURNED
3901,3719.52,165,CHURNED
3906,3719.52,74,"AT RISK"
3912,3719.52,88,"AT RISK"
3918,3719.52,126,CHURNED
3975,3719.52,205,CHURNED
4030,3719.52,93,CHURNED
4064,3719.52,149,CHURNED
4114,3719.52,81,"AT RISK"
4152,3719.52,356,CHURNED
4157,3719.52,116,CHURNED
4203,3719.52,91,CHURNED
4212,3719.52,261,CHURNED
4215,3719.52,93,CHURNED
4229,3719.52,167,CHURNED
4238,3719.52,81,"AT RISK"
4243,3719.52,225,CHURNED
4253,3719.52,146,CHURNED
4266,3719.52,112,CHURNED
4294,3719.52,191,CHURNED
4301,3719.52,83,"AT RISK"
4312,3719.52,73,"AT RISK"
4333,3719.52,185,CHURNED
4339,3719.52,236,CHURNED
4354,3719.52,77,"AT RISK"
4363,3719.52,329,CHURNED
4373,3719.52,98,CHURNED
4385,3719.52,166,CHURNED
4445,3719.52,135,CHURNED
4452,3719.52,102,CHURNED
4454,3719.52,192,CHURNED
4486,3719.52,214,CHURNED
4499,3719.52,133,CHURNED
4514,3719.52,172,CHURNED
4533,3719.52,109,CHURNED
4593,3719.52,70,"AT RISK"
4619,3719.52,68,"AT RISK"
4650,3719.52,165,CHURNED
4691,3719.52,279,CHURNED
4694,3719.52,157,CHURNED
4696,3719.52,155,CHURNED
4699,3719.52,207,CHURNED
4700,3719.52,127,CHURNED
4701,3719.52,154,CHURNED
4711,3719.52,97,CHURNED
4767,3719.52,75,"AT RISK"
4771,3719.52,126,CHURNED
4772,3719.52,132,CHURNED
4828,3719.52,104,CHURNED
4829,3719.52,91,CHURNED
4839,3719.52,93,CHURNED
4861,3719.52,192,CHURNED
4870,3719.52,66,"AT RISK"
4874,3719.52,75,"AT RISK"
4905,3719.52,64,"AT RISK"
4928,3719.52,62,"AT RISK"
4977,3719.52,129,CHURNED
1022,3254.58,212,CHURNED
1035,3254.58,137,CHURNED
1045,3254.58,193,CHURNED
1049,3254.58,104,CHURNED
1066,3254.58,131,CHURNED
1078,3254.58,129,CHURNED
1083,3254.58,145,CHURNED
1085,3254.58,145,CHURNED
1114,3254.58,189,CHURNED
1131,3254.58,154,CHURNED
1147,3254.58,251,CHURNED
1155,3254.58,202,CHURNED
1160,3254.58,101,CHURNED
1193,3254.58,120,CHURNED
1206,3254.58,183,CHURNED
1226,3254.58,107,CHURNED
1233,3254.58,93,CHURNED
1235,3254.58,73,"AT RISK"
1245,3254.58,88,"AT RISK"
1272,3254.58,142,CHURNED
1309,3254.58,160,CHURNED
1316,3254.58,81,"AT RISK"
1332,3254.58,98,CHURNED
1341,3254.58,63,"AT RISK"
1374,3254.58,99,CHURNED
1383,3254.58,181,CHURNED
1394,3254.58,68,"AT RISK"
1396,3254.58,191,CHURNED
1397,3254.58,83,"AT RISK"
1418,3254.58,112,CHURNED
1425,3254.58,147,CHURNED
1440,3254.58,128,CHURNED
1443,3254.58,239,CHURNED
1454,3254.58,188,CHURNED
1456,3254.58,112,CHURNED
1482,3254.58,113,CHURNED
1488,3254.58,74,"AT RISK"
1499,3254.58,106,CHURNED
1507,3254.58,78,"AT RISK"
1510,3254.58,270,CHURNED
1516,3254.58,223,CHURNED
1526,3254.58,241,CHURNED
1528,3254.58,169,CHURNED
1529,3254.58,308,CHURNED
1536,3254.58,139,CHURNED
1561,3254.58,86,"AT RISK"
1583,3254.58,68,"AT RISK"
1596,3254.58,124,CHURNED
1597,3254.58,94,CHURNED
1631,3254.58,143,CHURNED
1653,3254.58,188,CHURNED
1662,3254.58,293,CHURNED
1664,3254.58,206,CHURNED
1672,3254.58,132,CHURNED
1713,3254.58,64,"AT RISK"
1721,3254.58,102,CHURNED
1726,3254.58,75,"AT RISK"
1739,3254.58,180,CHURNED
1750,3254.58,243,CHURNED
1754,3254.58,196,CHURNED
1763,3254.58,70,"AT RISK"
1773,3254.58,72,"AT RISK"
1784,3254.58,131,CHURNED
1826,3254.58,122,CHURNED
1831,3254.58,128,CHURNED
1842,3254.58,158,CHURNED
1845,3254.58,132,CHURNED
1850,3254.58,168,CHURNED
1894,3254.58,102,CHURNED
1910,3254.58,202,CHURNED
1965,3254.58,86,"AT RISK"
1983,3254.58,162,CHURNED
2000,3254.58,264,CHURNED
2012,3254.58,142,CHURNED
2014,3254.58,62,"AT RISK"
2038,3254.58,89,"AT RISK"
2050,3254.58,67,"AT RISK"
2074,3254.58,165,CHURNED
2095,3254.58,204,CHURNED
2102,3254.58,93,CHURNED
2110,3254.58,72,"AT RISK"
2140,3254.58,300,CHURNED
2158,3254.58,225,CHURNED
2172,3254.58,148,CHURNED
2193,3254.58,94,CHURNED
2195,3254.58,230,CHURNED
2223,3254.58,191,CHURNED
2234,3254.58,75,"AT RISK"
2259,3254.58,199,CHURNED
2270,3254.58,102,CHURNED
2284,3254.58,156,CHURNED
2303,3254.58,150,CHURNED
2329,3254.58,94,CHURNED
2331,3254.58,118,CHURNED
2332,3254.58,169,CHURNED
2336,3254.58,111,CHURNED
2365,3254.58,331,CHURNED
2374,3254.58,193,CHURNED
2411,3254.58,90,"AT RISK"
2417,3254.58,79,"AT RISK"
2424,3254.58,92,CHURNED
2436,3254.58,84,"AT RISK"
2438,3254.58,182,CHURNED
2446,3254.58,179,CHURNED
2465,3254.58,205,CHURNED
2466,3254.58,215,CHURNED
2478,3254.58,182,CHURNED
2479,3254.58,154,CHURNED
2484,3254.58,172,CHURNED
2490,3254.58,74,"AT RISK"
2492,3254.58,106,CHURNED
2495,3254.58,140,CHURNED
2497,3254.58,186,CHURNED
2507,3254.58,127,CHURNED
2519,3254.58,191,CHURNED
2520,3254.58,105,CHURNED
2522,3254.58,64,"AT RISK"
2525,3254.58,128,CHURNED
2565,3254.58,239,CHURNED
2570,3254.58,80,"AT RISK"
2574,3254.58,336,CHURNED
2581,3254.58,113,CHURNED
2594,3254.58,299,CHURNED
2597,3254.58,90,"AT RISK"
2600,3254.58,93,CHURNED
2612,3254.58,152,CHURNED
2613,3254.58,136,CHURNED
2620,3254.58,174,CHURNED
2641,3254.58,189,CHURNED
2645,3254.58,126,CHURNED
2648,3254.58,260,CHURNED
2668,3254.58,293,CHURNED
2690,3254.58,155,CHURNED
2714,3254.58,74,"AT RISK"
2717,3254.58,330,CHURNED
2738,3254.58,166,CHURNED
2758,3254.58,139,CHURNED
2763,3254.58,133,CHURNED
2764,3254.58,89,"AT RISK"
2774,3254.58,314,CHURNED
2801,3254.58,75,"AT RISK"
2805,3254.58,82,"AT RISK"
2816,3254.58,151,CHURNED
2821,3254.58,90,"AT RISK"
2822,3254.58,123,CHURNED
2824,3254.58,133,CHURNED
2828,3254.58,93,CHURNED
2834,3254.58,95,CHURNED
2853,3254.58,159,CHURNED
2860,3254.58,333,CHURNED
2891,3254.58,106,CHURNED
2895,3254.58,84,"AT RISK"
2901,3254.58,77,"AT RISK"
2918,3254.58,224,CHURNED
2919,3254.58,120,CHURNED
2930,3254.58,137,CHURNED
2934,3254.58,246,CHURNED
2952,3254.58,95,CHURNED
2953,3254.58,258,CHURNED
2958,3254.58,106,CHURNED
2967,3254.58,78,"AT RISK"
2970,3254.58,225,CHURNED
2975,3254.58,175,CHURNED
2985,3254.58,128,CHURNED
2993,3254.58,171,CHURNED
3011,3254.58,187,CHURNED
3025,3254.58,112,CHURNED
3028,3254.58,180,CHURNED
3031,3254.58,140,CHURNED
3037,3254.58,207,CHURNED
3054,3254.58,106,CHURNED
3058,3254.58,387,CHURNED
3081,3254.58,191,CHURNED
3096,3254.58,122,CHURNED
3120,3254.58,120,CHURNED
3143,3254.58,253,CHURNED
3146,3254.58,108,CHURNED
3159,3254.58,231,CHURNED
3165,3254.58,251,CHURNED
3172,3254.58,124,CHURNED
3181,3254.58,121,CHURNED
3194,3254.58,181,CHURNED
3233,3254.58,185,CHURNED
3239,3254.58,176,CHURNED
3260,3254.58,372,CHURNED
3279,3254.58,181,CHURNED
3322,3254.58,147,CHURNED
3330,3254.58,154,CHURNED
3347,3254.58,200,CHURNED
3350,3254.58,157,CHURNED
3352,3254.58,158,CHURNED
3379,3254.58,73,"AT RISK"
3382,3254.58,164,CHURNED
3448,3254.58,181,CHURNED
3460,3254.58,142,CHURNED
3488,3254.58,193,CHURNED
3494,3254.58,113,CHURNED
3500,3254.58,88,"AT RISK"
3529,3254.58,92,CHURNED
3531,3254.58,69,"AT RISK"
3540,3254.58,107,CHURNED
3541,3254.58,130,CHURNED
3561,3254.58,215,CHURNED
3569,3254.58,128,CHURNED
3572,3254.58,175,CHURNED
3604,3254.58,344,CHURNED
3607,3254.58,80,"AT RISK"
3617,3254.58,180,CHURNED
3646,3254.58,78,"AT RISK"
3679,3254.58,74,"AT RISK"
3693,3254.58,95,CHURNED
3727,3254.58,109,CHURNED
3732,3254.58,141,CHURNED
3782,3254.58,118,CHURNED
3801,3254.58,164,CHURNED
3806,3254.58,78,"AT RISK"
3811,3254.58,261,CHURNED
3840,3254.58,67,"AT RISK"
3848,3254.58,106,CHURNED
3872,3254.58,154,CHURNED
3880,3254.58,188,CHURNED
3889,3254.58,200,CHURNED
3899,3254.58,212,CHURNED
3900,3254.58,268,CHURNED
3917,3254.58,118,CHURNED
3919,3254.58,125,CHURNED
3924,3254.58,135,CHURNED
3926,3254.58,131,CHURNED
3944,3254.58,283,CHURNED
3950,3254.58,188,CHURNED
3957,3254.58,147,CHURNED
3969,3254.58,99,CHURNED
4012,3254.58,87,"AT RISK"
4020,3254.58,261,CHURNED
4021,3254.58,177,CHURNED
4028,3254.58,140,CHURNED
4034,3254.58,63,"AT RISK"
4036,3254.58,272,CHURNED
4061,3254.58,152,CHURNED
4066,3254.58,94,CHURNED
4068,3254.58,85,"AT RISK"
4069,3254.58,78,"AT RISK"
4071,3254.58,218,CHURNED
4085,3254.58,65,"AT RISK"
4088,3254.58,120,CHURNED
4091,3254.58,85,"AT RISK"
4109,3254.58,183,CHURNED
4138,3254.58,142,CHURNED
4151,3254.58,171,CHURNED
4156,3254.58,165,CHURNED
4158,3254.58,167,CHURNED
4159,3254.58,226,CHURNED
4162,3254.58,188,CHURNED
4167,3254.58,81,"AT RISK"
4168,3254.58,131,CHURNED
4173,3254.58,172,CHURNED
4176,3254.58,162,CHURNED
4178,3254.58,220,CHURNED
4185,3254.58,90,"AT RISK"
4198,3254.58,113,CHURNED
4239,3254.58,90,"AT RISK"
4247,3254.58,151,CHURNED
4258,3254.58,102,CHURNED
4281,3254.58,72,"AT RISK"
4293,3254.58,92,CHURNED
4298,3254.58,147,CHURNED
4302,3254.58,98,CHURNED
4325,3254.58,242,CHURNED
4326,3254.58,124,CHURNED
4330,3254.58,79,"AT RISK"
4337,3254.58,126,CHURNED
4358,3254.58,133,CHURNED
4371,3254.58,209,CHURNED
4372,3254.58,165,CHURNED
4384,3254.58,187,CHURNED
4394,3254.58,100,CHURNED
4402,3254.58,136,CHURNED
4449,3254.58,71,"AT RISK"
4464,3254.58,229,CHURNED
4478,3254.58,180,CHURNED
4527,3254.58,123,CHURNED
4538,3254.58,211,CHURNED
4542,3254.58,106,CHURNED
4548,3254.58,111,CHURNED
4557,3254.58,78,"AT RISK"
4565,3254.58,243,CHURNED
4568,3254.58,201,CHURNED
4575,3254.58,192,CHURNED
4604,3254.58,173,CHURNED
4608,3254.58,67,"AT RISK"
4622,3254.58,73,"AT RISK"
4626,3254.58,180,CHURNED
4627,3254.58,147,CHURNED
4628,3254.58,363,CHURNED
4632,3254.58,112,CHURNED
4639,3254.58,233,CHURNED
4662,3254.58,98,CHURNED
4663,3254.58,72,"AT RISK"
4667,3254.58,94,CHURNED
4680,3254.58,168,CHURNED
4726,3254.58,175,CHURNED
4727,3254.58,82,"AT RISK"
4744,3254.58,73,"AT RISK"
4746,3254.58,72,"AT RISK"
4761,3254.58,164,CHURNED
4792,3254.58,120,CHURNED
4796,3254.58,222,CHURNED
4806,3254.58,122,CHURNED
4808,3254.58,92,CHURNED
4876,3254.58,87,"AT RISK"
4891,3254.58,349,CHURNED
4908,3254.58,157,CHURNED
4937,3254.58,87,"AT RISK"
4953,3254.58,213,CHURNED
4954,3254.58,75,"AT RISK"
4976,3254.58,97,CHURNED
4984,3254.58,73,"AT RISK"
1002,2789.64,297,CHURNED
1007,2789.64,162,CHURNED
1016,2789.64,62,"AT RISK"
1050,2789.64,261,CHURNED
1055,2789.64,113,CHURNED
1064,2789.64,83,"AT RISK"
1074,2789.64,92,CHURNED
1077,2789.64,76,"AT RISK"
1082,2789.64,154,CHURNED
1094,2789.64,157,CHURNED
1098,2789.64,161,CHURNED
1127,2789.64,132,CHURNED
1141,2789.64,84,"AT RISK"
1151,2789.64,167,CHURNED
1158,2789.64,75,"AT RISK"
1168,2789.64,151,CHURNED
1172,2789.64,77,"AT RISK"
1176,2789.64,167,CHURNED
1180,2789.64,360,CHURNED
1189,2789.64,335,CHURNED
1204,2789.64,89,"AT RISK"
1213,2789.64,222,CHURNED
1214,2789.64,213,CHURNED
1224,2789.64,271,CHURNED
1238,2789.64,64,"AT RISK"
1254,2789.64,148,CHURNED
1255,2789.64,176,CHURNED
1273,2789.64,200,CHURNED
1276,2789.64,144,CHURNED
1281,2789.64,66,"AT RISK"
1283,2789.64,83,"AT RISK"
1292,2789.64,93,CHURNED
1317,2789.64,79,"AT RISK"
1325,2789.64,211,CHURNED
1330,2789.64,147,CHURNED
1350,2789.64,179,CHURNED
1356,2789.64,203,CHURNED
1358,2789.64,65,"AT RISK"
1368,2789.64,370,CHURNED
1381,2789.64,217,CHURNED
1388,2789.64,287,CHURNED
1391,2789.64,95,CHURNED
1415,2789.64,118,CHURNED
1420,2789.64,118,CHURNED
1427,2789.64,134,CHURNED
1430,2789.64,163,CHURNED
1434,2789.64,99,CHURNED
1448,2789.64,196,CHURNED
1449,2789.64,157,CHURNED
1460,2789.64,87,"AT RISK"
1477,2789.64,68,"AT RISK"
1498,2789.64,87,"AT RISK"
1517,2789.64,103,CHURNED
1535,2789.64,157,CHURNED
1551,2789.64,79,"AT RISK"
1568,2789.64,73,"AT RISK"
1573,2789.64,157,CHURNED
1588,2789.64,87,"AT RISK"
1590,2789.64,240,CHURNED
1598,2789.64,256,CHURNED
1603,2789.64,112,CHURNED
1609,2789.64,62,"AT RISK"
1616,2789.64,88,"AT RISK"
1617,2789.64,145,CHURNED
1632,2789.64,239,CHURNED
1649,2789.64,348,CHURNED
1652,2789.64,136,CHURNED
1682,2789.64,322,CHURNED
1697,2789.64,133,CHURNED
1700,2789.64,127,CHURNED
1704,2789.64,131,CHURNED
1731,2789.64,151,CHURNED
1738,2789.64,74,"AT RISK"
1741,2789.64,265,CHURNED
1771,2789.64,76,"AT RISK"
1798,2789.64,358,CHURNED
1823,2789.64,182,CHURNED
1830,2789.64,100,CHURNED
1833,2789.64,138,CHURNED
1865,2789.64,186,CHURNED
1872,2789.64,88,"AT RISK"
1874,2789.64,61,"AT RISK"
1889,2789.64,70,"AT RISK"
1890,2789.64,71,"AT RISK"
1899,2789.64,168,CHURNED
1903,2789.64,111,CHURNED
1944,2789.64,86,"AT RISK"
1945,2789.64,76,"AT RISK"
1969,2789.64,106,CHURNED
1982,2789.64,82,"AT RISK"
1995,2789.64,181,CHURNED
1999,2789.64,243,CHURNED
2019,2789.64,108,CHURNED
2028,2789.64,197,CHURNED
2029,2789.64,224,CHURNED
2041,2789.64,209,CHURNED
2042,2789.64,125,CHURNED
2046,2789.64,121,CHURNED
2073,2789.64,72,"AT RISK"
2083,2789.64,129,CHURNED
2085,2789.64,349,CHURNED
2099,2789.64,103,CHURNED
2106,2789.64,316,CHURNED
2122,2789.64,103,CHURNED
2127,2789.64,164,CHURNED
2146,2789.64,137,CHURNED
2154,2789.64,159,CHURNED
2162,2789.64,192,CHURNED
2183,2789.64,532,CHURNED
2185,2789.64,197,CHURNED
2201,2789.64,72,"AT RISK"
2202,2789.64,97,CHURNED
2209,2789.64,84,"AT RISK"
2220,2789.64,123,CHURNED
2232,2789.64,212,CHURNED
2233,2789.64,190,CHURNED
2244,2789.64,89,"AT RISK"
2249,2789.64,405,CHURNED
2250,2789.64,72,"AT RISK"
2253,2789.64,235,CHURNED
2266,2789.64,206,CHURNED
2282,2789.64,166,CHURNED
2306,2789.64,76,"AT RISK"
2316,2789.64,79,"AT RISK"
2343,2789.64,322,CHURNED
2347,2789.64,212,CHURNED
2351,2789.64,324,CHURNED
2362,2789.64,190,CHURNED
2394,2789.64,264,CHURNED
2400,2789.64,130,CHURNED
2420,2789.64,73,"AT RISK"
2450,2789.64,67,"AT RISK"
2451,2789.64,190,CHURNED
2467,2789.64,99,CHURNED
2475,2789.64,183,CHURNED
2481,2789.64,126,CHURNED
2482,2789.64,221,CHURNED
2499,2789.64,100,CHURNED
2504,2789.64,100,CHURNED
2510,2789.64,143,CHURNED
2513,2789.64,202,CHURNED
2517,2789.64,237,CHURNED
2524,2789.64,110,CHURNED
2528,2789.64,110,CHURNED
2534,2789.64,72,"AT RISK"
2538,2789.64,86,"AT RISK"
2541,2789.64,153,CHURNED
2542,2789.64,72,"AT RISK"
2546,2789.64,130,CHURNED
2549,2789.64,168,CHURNED
2551,2789.64,261,CHURNED
2555,2789.64,362,CHURNED
2578,2789.64,117,CHURNED
2579,2789.64,102,CHURNED
2587,2789.64,259,CHURNED
2605,2789.64,104,CHURNED
2614,2789.64,223,CHURNED
2617,2789.64,155,CHURNED
2631,2789.64,169,CHURNED
2639,2789.64,101,CHURNED
2646,2789.64,196,CHURNED
2649,2789.64,153,CHURNED
2651,2789.64,302,CHURNED
2664,2789.64,63,"AT RISK"
2685,2789.64,72,"AT RISK"
2700,2789.64,331,CHURNED
2702,2789.64,107,CHURNED
2705,2789.64,75,"AT RISK"
2709,2789.64,97,CHURNED
2721,2789.64,256,CHURNED
2729,2789.64,201,CHURNED
2775,2789.64,119,CHURNED
2776,2789.64,203,CHURNED
2780,2789.64,119,CHURNED
2809,2789.64,66,"AT RISK"
2814,2789.64,116,CHURNED
2817,2789.64,141,CHURNED
2818,2789.64,90,"AT RISK"
2826,2789.64,296,CHURNED
2856,2789.64,310,CHURNED
2859,2789.64,68,"AT RISK"
2897,2789.64,85,"AT RISK"
2903,2789.64,86,"AT RISK"
2915,2789.64,156,CHURNED
2920,2789.64,157,CHURNED
2925,2789.64,65,"AT RISK"
2935,2789.64,172,CHURNED
2936,2789.64,321,CHURNED
2955,2789.64,461,CHURNED
2983,2789.64,141,CHURNED
2989,2789.64,120,CHURNED
2990,2789.64,69,"AT RISK"
2994,2789.64,334,CHURNED
3000,2789.64,154,CHURNED
3001,2789.64,192,CHURNED
3004,2789.64,108,CHURNED
3038,2789.64,139,CHURNED
3041,2789.64,272,CHURNED
3045,2789.64,84,"AT RISK"
3055,2789.64,154,CHURNED
3067,2789.64,297,CHURNED
3070,2789.64,227,CHURNED
3088,2789.64,116,CHURNED
3099,2789.64,346,CHURNED
3103,2789.64,311,CHURNED
3111,2789.64,67,"AT RISK"
3148,2789.64,125,CHURNED
3176,2789.64,174,CHURNED
3202,2789.64,209,CHURNED
3203,2789.64,114,CHURNED
3205,2789.64,97,CHURNED
3206,2789.64,317,CHURNED
3216,2789.64,177,CHURNED
3226,2789.64,145,CHURNED
3246,2789.64,452,CHURNED
3257,2789.64,128,CHURNED
3259,2789.64,103,CHURNED
3262,2789.64,133,CHURNED
3289,2789.64,263,CHURNED
3293,2789.64,106,CHURNED
3309,2789.64,70,"AT RISK"
3315,2789.64,233,CHURNED
3316,2789.64,92,CHURNED
3318,2789.64,97,CHURNED
3331,2789.64,333,CHURNED
3339,2789.64,222,CHURNED
3362,2789.64,79,"AT RISK"
3364,2789.64,122,CHURNED
3377,2789.64,219,CHURNED
3386,2789.64,115,CHURNED
3394,2789.64,188,CHURNED
3398,2789.64,109,CHURNED
3419,2789.64,95,CHURNED
3435,2789.64,212,CHURNED
3440,2789.64,119,CHURNED
3444,2789.64,152,CHURNED
3478,2789.64,68,"AT RISK"
3487,2789.64,74,"AT RISK"
3506,2789.64,122,CHURNED
3510,2789.64,229,CHURNED
3526,2789.64,197,CHURNED
3547,2789.64,165,CHURNED
3577,2789.64,147,CHURNED
3615,2789.64,77,"AT RISK"
3621,2789.64,94,CHURNED
3624,2789.64,157,CHURNED
3625,2789.64,219,CHURNED
3640,2789.64,106,CHURNED
3660,2789.64,469,CHURNED
3685,2789.64,81,"AT RISK"
3690,2789.64,143,CHURNED
3715,2789.64,79,"AT RISK"
3729,2789.64,159,CHURNED
3733,2789.64,488,CHURNED
3741,2789.64,185,CHURNED
3746,2789.64,121,CHURNED
3750,2789.64,84,"AT RISK"
3752,2789.64,203,CHURNED
3758,2789.64,127,CHURNED
3761,2789.64,121,CHURNED
3765,2789.64,207,CHURNED
3766,2789.64,154,CHURNED
3777,2789.64,66,"AT RISK"
3784,2789.64,100,CHURNED
3787,2789.64,244,CHURNED
3791,2789.64,79,"AT RISK"
3793,2789.64,218,CHURNED
3794,2789.64,73,"AT RISK"
3798,2789.64,116,CHURNED
3817,2789.64,154,CHURNED
3835,2789.64,111,CHURNED
3851,2789.64,75,"AT RISK"
3863,2789.64,151,CHURNED
3870,2789.64,199,CHURNED
3871,2789.64,129,CHURNED
3881,2789.64,255,CHURNED
3891,2789.64,124,CHURNED
3908,2789.64,324,CHURNED
3913,2789.64,71,"AT RISK"
3916,2789.64,117,CHURNED
3920,2789.64,141,CHURNED
3921,2789.64,143,CHURNED
3936,2789.64,152,CHURNED
3952,2789.64,193,CHURNED
3963,2789.64,170,CHURNED
3979,2789.64,138,CHURNED
3995,2789.64,190,CHURNED
4002,2789.64,326,CHURNED
4004,2789.64,80,"AT RISK"
4007,2789.64,65,"AT RISK"
4009,2789.64,63,"AT RISK"
4022,2789.64,147,CHURNED
4037,2789.64,238,CHURNED
4040,2789.64,282,CHURNED
4045,2789.64,120,CHURNED
4051,2789.64,65,"AT RISK"
4057,2789.64,133,CHURNED
4074,2789.64,115,CHURNED
4075,2789.64,331,CHURNED
4078,2789.64,118,CHURNED
4086,2789.64,80,"AT RISK"
4090,2789.64,265,CHURNED
4093,2789.64,90,"AT RISK"
4099,2789.64,136,CHURNED
4104,2789.64,108,CHURNED
4113,2789.64,369,CHURNED
4120,2789.64,140,CHURNED
4122,2789.64,68,"AT RISK"
4134,2789.64,131,CHURNED
4137,2789.64,92,CHURNED
4141,2789.64,84,"AT RISK"
4220,2789.64,127,CHURNED
4242,2789.64,79,"AT RISK"
4257,2789.64,87,"AT RISK"
4262,2789.64,97,CHURNED
4267,2789.64,81,"AT RISK"
4270,2789.64,260,CHURNED
4271,2789.64,115,CHURNED
4276,2789.64,133,CHURNED
4282,2789.64,90,"AT RISK"
4283,2789.64,203,CHURNED
4284,2789.64,225,CHURNED
4287,2789.64,275,CHURNED
4299,2789.64,283,CHURNED
4303,2789.64,89,"AT RISK"
4320,2789.64,416,CHURNED
4341,2789.64,73,"AT RISK"
4356,2789.64,273,CHURNED
4360,2789.64,63,"AT RISK"
4365,2789.64,179,CHURNED
4382,2789.64,89,"AT RISK"
4407,2789.64,62,"AT RISK"
4441,2789.64,389,CHURNED
4465,2789.64,146,CHURNED
4472,2789.64,198,CHURNED
4473,2789.64,223,CHURNED
4474,2789.64,154,CHURNED
4479,2789.64,295,CHURNED
4485,2789.64,92,CHURNED
4498,2789.64,197,CHURNED
4521,2789.64,138,CHURNED
4524,2789.64,81,"AT RISK"
4531,2789.64,158,CHURNED
4537,2789.64,283,CHURNED
4546,2789.64,135,CHURNED
4554,2789.64,137,CHURNED
4556,2789.64,63,"AT RISK"
4563,2789.64,135,CHURNED
4578,2789.64,202,CHURNED
4588,2789.64,189,CHURNED
4595,2789.64,297,CHURNED
4596,2789.64,104,CHURNED
4613,2789.64,137,CHURNED
4621,2789.64,230,CHURNED
4653,2789.64,119,CHURNED
4659,2789.64,204,CHURNED
4665,2789.64,111,CHURNED
4666,2789.64,129,CHURNED
4676,2789.64,63,"AT RISK"
4690,2789.64,76,"AT RISK"
4697,2789.64,239,CHURNED
4749,2789.64,130,CHURNED
4750,2789.64,429,CHURNED
4768,2789.64,210,CHURNED
4769,2789.64,65,"AT RISK"
4778,2789.64,364,CHURNED
4793,2789.64,118,CHURNED
4795,2789.64,123,CHURNED
4803,2789.64,320,CHURNED
4811,2789.64,146,CHURNED
4815,2789.64,129,CHURNED
4817,2789.64,182,CHURNED
4827,2789.64,186,CHURNED
4868,2789.64,98,CHURNED
4897,2789.64,82,"AT RISK"
4916,2789.64,212,CHURNED
4927,2789.64,316,CHURNED
4951,2789.64,69,"AT RISK"
4952,2789.64,167,CHURNED
4962,2789.64,131,CHURNED
4966,2789.64,157,CHURNED
4973,2789.64,187,CHURNED
4980,2789.64,213,CHURNED
1001,2324.70,151,CHURNED
1010,2324.70,224,CHURNED
1013,2324.70,146,CHURNED
1023,2324.70,168,CHURNED
1026,2324.70,227,CHURNED
1027,2324.70,187,CHURNED
1029,2324.70,107,CHURNED
1036,2324.70,139,CHURNED
1051,2324.70,84,"AT RISK"
1056,2324.70,155,CHURNED
1065,2324.70,206,CHURNED
1072,2324.70,92,CHURNED
1079,2324.70,85,"AT RISK"
1087,2324.70,77,"AT RISK"
1106,2324.70,250,CHURNED
1109,2324.70,157,CHURNED
1123,2324.70,250,CHURNED
1130,2324.70,256,CHURNED
1135,2324.70,77,"AT RISK"
1157,2324.70,156,CHURNED
1162,2324.70,424,CHURNED
1167,2324.70,67,"AT RISK"
1175,2324.70,218,CHURNED
1188,2324.70,373,CHURNED
1236,2324.70,79,"AT RISK"
1249,2324.70,359,CHURNED
1250,2324.70,184,CHURNED
1261,2324.70,222,CHURNED
1274,2324.70,112,CHURNED
1289,2324.70,154,CHURNED
1318,2324.70,330,CHURNED
1326,2324.70,73,"AT RISK"
1338,2324.70,172,CHURNED
1342,2324.70,206,CHURNED
1348,2324.70,82,"AT RISK"
1352,2324.70,73,"AT RISK"
1371,2324.70,109,CHURNED
1401,2324.70,244,CHURNED
1403,2324.70,211,CHURNED
1407,2324.70,72,"AT RISK"
1414,2324.70,375,CHURNED
1416,2324.70,140,CHURNED
1417,2324.70,180,CHURNED
1431,2324.70,186,CHURNED
1445,2324.70,148,CHURNED
1453,2324.70,266,CHURNED
1462,2324.70,123,CHURNED
1469,2324.70,357,CHURNED
1472,2324.70,113,CHURNED
1483,2324.70,101,CHURNED
1490,2324.70,112,CHURNED
1508,2324.70,305,CHURNED
1509,2324.70,166,CHURNED
1537,2324.70,101,CHURNED
1548,2324.70,319,CHURNED
1553,2324.70,76,"AT RISK"
1554,2324.70,211,CHURNED
1557,2324.70,87,"AT RISK"
1584,2324.70,185,CHURNED
1601,2324.70,95,CHURNED
1610,2324.70,148,CHURNED
1612,2324.70,225,CHURNED
1630,2324.70,154,CHURNED
1638,2324.70,119,CHURNED
1646,2324.70,387,CHURNED
1657,2324.70,116,CHURNED
1665,2324.70,96,CHURNED
1681,2324.70,83,"AT RISK"
1685,2324.70,122,CHURNED
1694,2324.70,250,CHURNED
1710,2324.70,108,CHURNED
1715,2324.70,195,CHURNED
1728,2324.70,111,CHURNED
1755,2324.70,131,CHURNED
1765,2324.70,303,CHURNED
1766,2324.70,72,"AT RISK"
1772,2324.70,83,"AT RISK"
1778,2324.70,214,CHURNED
1785,2324.70,204,CHURNED
1789,2324.70,205,CHURNED
1790,2324.70,218,CHURNED
1800,2324.70,390,CHURNED
1808,2324.70,355,CHURNED
1813,2324.70,69,"AT RISK"
1818,2324.70,138,CHURNED
1839,2324.70,187,CHURNED
1844,2324.70,234,CHURNED
1851,2324.70,97,CHURNED
1852,2324.70,217,CHURNED
1854,2324.70,121,CHURNED
1902,2324.70,80,"AT RISK"
1909,2324.70,187,CHURNED
1911,2324.70,71,"AT RISK"
1925,2324.70,122,CHURNED
1931,2324.70,143,CHURNED
1934,2324.70,92,CHURNED
1942,2324.70,74,"AT RISK"
1963,2324.70,61,"AT RISK"
1967,2324.70,198,CHURNED
1977,2324.70,153,CHURNED
2005,2324.70,183,CHURNED
2032,2324.70,71,"AT RISK"
2035,2324.70,90,"AT RISK"
2047,2324.70,186,CHURNED
2053,2324.70,440,CHURNED
2064,2324.70,237,CHURNED
2101,2324.70,131,CHURNED
2111,2324.70,81,"AT RISK"
2119,2324.70,100,CHURNED
2139,2324.70,122,CHURNED
2148,2324.70,109,CHURNED
2153,2324.70,335,CHURNED
2156,2324.70,68,"AT RISK"
2160,2324.70,69,"AT RISK"
2166,2324.70,99,CHURNED
2197,2324.70,213,CHURNED
2198,2324.70,72,"AT RISK"
2221,2324.70,117,CHURNED
2227,2324.70,93,CHURNED
2239,2324.70,117,CHURNED
2246,2324.70,198,CHURNED
2248,2324.70,297,CHURNED
2254,2324.70,71,"AT RISK"
2274,2324.70,86,"AT RISK"
2276,2324.70,112,CHURNED
2286,2324.70,78,"AT RISK"
2307,2324.70,93,CHURNED
2309,2324.70,192,CHURNED
2310,2324.70,65,"AT RISK"
2314,2324.70,147,CHURNED
2324,2324.70,342,CHURNED
2325,2324.70,243,CHURNED
2330,2324.70,123,CHURNED
2337,2324.70,68,"AT RISK"
2349,2324.70,140,CHURNED
2363,2324.70,126,CHURNED
2364,2324.70,124,CHURNED
2366,2324.70,136,CHURNED
2368,2324.70,316,CHURNED
2373,2324.70,137,CHURNED
2376,2324.70,130,CHURNED
2396,2324.70,162,CHURNED
2399,2324.70,245,CHURNED
2404,2324.70,83,"AT RISK"
2405,2324.70,397,CHURNED
2408,2324.70,249,CHURNED
2414,2324.70,99,CHURNED
2422,2324.70,333,CHURNED
2423,2324.70,98,CHURNED
2426,2324.70,181,CHURNED
2432,2324.70,135,CHURNED
2442,2324.70,165,CHURNED
2455,2324.70,87,"AT RISK"
2535,2324.70,213,CHURNED
2536,2324.70,78,"AT RISK"
2544,2324.70,123,CHURNED
2582,2324.70,241,CHURNED
2591,2324.70,185,CHURNED
2610,2324.70,249,CHURNED
2623,2324.70,110,CHURNED
2640,2324.70,96,CHURNED
2657,2324.70,140,CHURNED
2665,2324.70,140,CHURNED
2670,2324.70,175,CHURNED
2694,2324.70,122,CHURNED
2727,2324.70,69,"AT RISK"
2728,2324.70,182,CHURNED
2732,2324.70,66,"AT RISK"
2735,2324.70,68,"AT RISK"
2742,2324.70,258,CHURNED
2743,2324.70,126,CHURNED
2745,2324.70,105,CHURNED
2754,2324.70,102,CHURNED
2756,2324.70,207,CHURNED
2778,2324.70,148,CHURNED
2784,2324.70,131,CHURNED
2793,2324.70,112,CHURNED
2800,2324.70,61,"AT RISK"
2802,2324.70,499,CHURNED
2825,2324.70,97,CHURNED
2830,2324.70,345,CHURNED
2831,2324.70,143,CHURNED
2833,2324.70,145,CHURNED
2835,2324.70,120,CHURNED
2838,2324.70,266,CHURNED
2843,2324.70,79,"AT RISK"
2849,2324.70,112,CHURNED
2850,2324.70,445,CHURNED
2852,2324.70,124,CHURNED
2858,2324.70,138,CHURNED
2861,2324.70,189,CHURNED
2870,2324.70,238,CHURNED
2880,2324.70,193,CHURNED
2882,2324.70,405,CHURNED
2886,2324.70,140,CHURNED
2889,2324.70,67,"AT RISK"
2921,2324.70,176,CHURNED
2926,2324.70,159,CHURNED
2927,2324.70,64,"AT RISK"
2928,2324.70,104,CHURNED
2945,2324.70,96,CHURNED
2950,2324.70,77,"AT RISK"
2961,2324.70,263,CHURNED
2981,2324.70,81,"AT RISK"
2991,2324.70,179,CHURNED
2992,2324.70,64,"AT RISK"
2995,2324.70,238,CHURNED
3005,2324.70,222,CHURNED
3014,2324.70,154,CHURNED
3019,2324.70,81,"AT RISK"
3020,2324.70,99,CHURNED
3027,2324.70,244,CHURNED
3078,2324.70,88,"AT RISK"
3092,2324.70,226,CHURNED
3101,2324.70,278,CHURNED
3108,2324.70,227,CHURNED
3109,2324.70,224,CHURNED
3112,2324.70,179,CHURNED
3113,2324.70,282,CHURNED
3118,2324.70,253,CHURNED
3130,2324.70,183,CHURNED
3133,2324.70,70,"AT RISK"
3137,2324.70,231,CHURNED
3138,2324.70,155,CHURNED
3147,2324.70,150,CHURNED
3155,2324.70,167,CHURNED
3164,2324.70,92,CHURNED
3168,2324.70,371,CHURNED
3175,2324.70,230,CHURNED
3179,2324.70,200,CHURNED
3182,2324.70,293,CHURNED
3185,2324.70,141,CHURNED
3190,2324.70,113,CHURNED
3199,2324.70,103,CHURNED
3271,2324.70,176,CHURNED
3275,2324.70,90,"AT RISK"
3281,2324.70,305,CHURNED
3292,2324.70,75,"AT RISK"
3306,2324.70,67,"AT RISK"
3313,2324.70,335,CHURNED
3321,2324.70,65,"AT RISK"
3326,2324.70,276,CHURNED
3329,2324.70,105,CHURNED
3333,2324.70,393,CHURNED
3360,2324.70,74,"AT RISK"
3383,2324.70,76,"AT RISK"
3385,2324.70,115,CHURNED
3390,2324.70,73,"AT RISK"
3392,2324.70,115,CHURNED
3399,2324.70,266,CHURNED
3416,2324.70,148,CHURNED
3421,2324.70,257,CHURNED
3422,2324.70,158,CHURNED
3431,2324.70,73,"AT RISK"
3432,2324.70,69,"AT RISK"
3434,2324.70,320,CHURNED
3445,2324.70,61,"AT RISK"
3447,2324.70,117,CHURNED
3449,2324.70,258,CHURNED
3451,2324.70,90,"AT RISK"
3456,2324.70,109,CHURNED
3473,2324.70,243,CHURNED
3476,2324.70,126,CHURNED
3485,2324.70,76,"AT RISK"
3490,2324.70,150,CHURNED
3496,2324.70,360,CHURNED
3503,2324.70,372,CHURNED
3508,2324.70,77,"AT RISK"
3512,2324.70,107,CHURNED
3517,2324.70,142,CHURNED
3537,2324.70,218,CHURNED
3543,2324.70,136,CHURNED
3544,2324.70,295,CHURNED
3552,2324.70,115,CHURNED
3560,2324.70,298,CHURNED
3571,2324.70,78,"AT RISK"
3578,2324.70,65,"AT RISK"
3582,2324.70,103,CHURNED
3594,2324.70,71,"AT RISK"
3643,2324.70,190,CHURNED
3656,2324.70,81,"AT RISK"
3671,2324.70,177,CHURNED
3691,2324.70,99,CHURNED
3692,2324.70,122,CHURNED
3704,2324.70,180,CHURNED
3757,2324.70,192,CHURNED
3762,2324.70,140,CHURNED
3770,2324.70,180,CHURNED
3778,2324.70,237,CHURNED
3790,2324.70,506,CHURNED
3796,2324.70,173,CHURNED
3812,2324.70,283,CHURNED
3814,2324.70,180,CHURNED
3821,2324.70,106,CHURNED
3824,2324.70,152,CHURNED
3829,2324.70,61,"AT RISK"
3834,2324.70,86,"AT RISK"
3836,2324.70,78,"AT RISK"
3839,2324.70,273,CHURNED
3852,2324.70,241,CHURNED
3860,2324.70,163,CHURNED
3865,2324.70,125,CHURNED
3877,2324.70,96,CHURNED
3905,2324.70,150,CHURNED
3907,2324.70,72,"AT RISK"
3961,2324.70,225,CHURNED
3981,2324.70,134,CHURNED
3984,2324.70,91,CHURNED
4008,2324.70,312,CHURNED
4015,2324.70,125,CHURNED
4016,2324.70,102,CHURNED
4018,2324.70,70,"AT RISK"
4026,2324.70,297,CHURNED
4027,2324.70,91,CHURNED
4032,2324.70,141,CHURNED
4035,2324.70,197,CHURNED
4042,2324.70,82,"AT RISK"
4048,2324.70,172,CHURNED
4073,2324.70,72,"AT RISK"
4076,2324.70,64,"AT RISK"
4079,2324.70,90,"AT RISK"
4089,2324.70,232,CHURNED
4098,2324.70,146,CHURNED
4111,2324.70,137,CHURNED
4117,2324.70,129,CHURNED
4166,2324.70,79,"AT RISK"
4195,2324.70,97,CHURNED
4197,2324.70,282,CHURNED
4209,2324.70,99,CHURNED
4254,2324.70,84,"AT RISK"
4307,2324.70,237,CHURNED
4310,2324.70,65,"AT RISK"
4314,2324.70,116,CHURNED
4318,2324.70,84,"AT RISK"
4319,2324.70,227,CHURNED
4327,2324.70,120,CHURNED
4334,2324.70,191,CHURNED
4343,2324.70,67,"AT RISK"
4351,2324.70,134,CHURNED
4353,2324.70,71,"AT RISK"
4405,2324.70,182,CHURNED
4406,2324.70,142,CHURNED
4421,2324.70,109,CHURNED
4422,2324.70,205,CHURNED
4433,2324.70,394,CHURNED
4436,2324.70,113,CHURNED
4438,2324.70,113,CHURNED
4456,2324.70,92,CHURNED
4461,2324.70,250,CHURNED
4471,2324.70,99,CHURNED
4487,2324.70,127,CHURNED
4489,2324.70,61,"AT RISK"
4497,2324.70,123,CHURNED
4502,2324.70,81,"AT RISK"
4507,2324.70,165,CHURNED
4520,2324.70,62,"AT RISK"
4526,2324.70,96,CHURNED
4539,2324.70,164,CHURNED
4549,2324.70,79,"AT RISK"
4592,2324.70,153,CHURNED
4602,2324.70,114,CHURNED
4606,2324.70,70,"AT RISK"
4625,2324.70,109,CHURNED
4633,2324.70,320,CHURNED
4640,2324.70,155,CHURNED
4647,2324.70,272,CHURNED
4648,2324.70,157,CHURNED
4673,2324.70,268,CHURNED
4678,2324.70,199,CHURNED
4685,2324.70,92,CHURNED
4723,2324.70,138,CHURNED
4738,2324.70,220,CHURNED
4752,2324.70,97,CHURNED
4757,2324.70,258,CHURNED
4759,2324.70,363,CHURNED
4788,2324.70,64,"AT RISK"
4801,2324.70,108,CHURNED
4802,2324.70,91,CHURNED
4809,2324.70,108,CHURNED
4819,2324.70,195,CHURNED
4820,2324.70,201,CHURNED
4842,2324.70,197,CHURNED
4850,2324.70,65,"AT RISK"
4851,2324.70,136,CHURNED
4857,2324.70,76,"AT RISK"
4869,2324.70,98,CHURNED
4873,2324.70,90,"AT RISK"
4881,2324.70,68,"AT RISK"
4886,2324.70,218,CHURNED
4903,2324.70,124,CHURNED
4907,2324.70,185,CHURNED
4909,2324.70,66,"AT RISK"
4910,2324.70,91,CHURNED
4919,2324.70,112,CHURNED
4921,2324.70,227,CHURNED
4926,2324.70,326,CHURNED
4938,2324.70,81,"AT RISK"
4955,2324.70,247,CHURNED
4960,2324.70,108,CHURNED
4967,2324.70,158,CHURNED
4975,2324.70,164,CHURNED
4982,2324.70,78,"AT RISK"
1004,1859.76,145,CHURNED
1031,1859.76,324,CHURNED
1044,1859.76,79,"AT RISK"
1059,1859.76,135,CHURNED
1069,1859.76,95,CHURNED
1070,1859.76,112,CHURNED
1075,1859.76,63,"AT RISK"
1076,1859.76,151,CHURNED
1080,1859.76,125,CHURNED
1095,1859.76,154,CHURNED
1099,1859.76,218,CHURNED
1102,1859.76,112,CHURNED
1112,1859.76,318,CHURNED
1118,1859.76,295,CHURNED
1126,1859.76,89,"AT RISK"
1137,1859.76,593,CHURNED
1152,1859.76,328,CHURNED
1156,1859.76,169,CHURNED
1181,1859.76,81,"AT RISK"
1196,1859.76,253,CHURNED
1205,1859.76,290,CHURNED
1229,1859.76,110,CHURNED
1230,1859.76,245,CHURNED
1239,1859.76,149,CHURNED
1240,1859.76,203,CHURNED
1260,1859.76,403,CHURNED
1265,1859.76,404,CHURNED
1278,1859.76,290,CHURNED
1279,1859.76,112,CHURNED
1293,1859.76,354,CHURNED
1305,1859.76,150,CHURNED
1314,1859.76,202,CHURNED
1327,1859.76,385,CHURNED
1333,1859.76,76,"AT RISK"
1334,1859.76,115,CHURNED
1349,1859.76,263,CHURNED
1355,1859.76,78,"AT RISK"
1357,1859.76,107,CHURNED
1363,1859.76,333,CHURNED
1365,1859.76,129,CHURNED
1384,1859.76,148,CHURNED
1385,1859.76,179,CHURNED
1413,1859.76,315,CHURNED
1424,1859.76,64,"AT RISK"
1439,1859.76,260,CHURNED
1447,1859.76,150,CHURNED
1465,1859.76,173,CHURNED
1473,1859.76,289,CHURNED
1484,1859.76,115,CHURNED
1486,1859.76,78,"AT RISK"
1487,1859.76,490,CHURNED
1500,1859.76,134,CHURNED
1504,1859.76,203,CHURNED
1505,1859.76,413,CHURNED
1506,1859.76,141,CHURNED
1513,1859.76,277,CHURNED
1547,1859.76,108,CHURNED
1549,1859.76,70,"AT RISK"
1563,1859.76,287,CHURNED
1582,1859.76,79,"AT RISK"
1586,1859.76,418,CHURNED
1602,1859.76,74,"AT RISK"
1604,1859.76,220,CHURNED
1608,1859.76,78,"AT RISK"
1618,1859.76,359,CHURNED
1621,1859.76,116,CHURNED
1634,1859.76,98,CHURNED
1650,1859.76,67,"AT RISK"
1651,1859.76,564,CHURNED
1674,1859.76,268,CHURNED
1692,1859.76,108,CHURNED
1696,1859.76,139,CHURNED
1706,1859.76,100,CHURNED
1718,1859.76,271,CHURNED
1725,1859.76,61,"AT RISK"
1732,1859.76,359,CHURNED
1735,1859.76,349,CHURNED
1740,1859.76,331,CHURNED
1744,1859.76,391,CHURNED
1748,1859.76,204,CHURNED
1759,1859.76,63,"AT RISK"
1788,1859.76,140,CHURNED
1794,1859.76,290,CHURNED
1810,1859.76,74,"AT RISK"
1812,1859.76,97,CHURNED
1836,1859.76,102,CHURNED
1858,1859.76,124,CHURNED
1862,1859.76,558,CHURNED
1866,1859.76,358,CHURNED
1867,1859.76,311,CHURNED
1877,1859.76,125,CHURNED
1908,1859.76,212,CHURNED
1917,1859.76,222,CHURNED
1936,1859.76,64,"AT RISK"
1948,1859.76,266,CHURNED
1950,1859.76,238,CHURNED
1979,1859.76,136,CHURNED
1996,1859.76,83,"AT RISK"
2003,1859.76,172,CHURNED
2009,1859.76,183,CHURNED
2052,1859.76,79,"AT RISK"
2060,1859.76,79,"AT RISK"
2071,1859.76,387,CHURNED
2113,1859.76,69,"AT RISK"
2131,1859.76,178,CHURNED
2147,1859.76,121,CHURNED
2157,1859.76,115,CHURNED
2170,1859.76,130,CHURNED
2171,1859.76,77,"AT RISK"
2208,1859.76,254,CHURNED
2217,1859.76,131,CHURNED
2222,1859.76,122,CHURNED
2224,1859.76,598,CHURNED
2258,1859.76,89,"AT RISK"
2264,1859.76,88,"AT RISK"
2272,1859.76,191,CHURNED
2285,1859.76,230,CHURNED
2295,1859.76,84,"AT RISK"
2298,1859.76,101,CHURNED
2315,1859.76,148,CHURNED
2318,1859.76,297,CHURNED
2335,1859.76,272,CHURNED
2340,1859.76,144,CHURNED
2346,1859.76,331,CHURNED
2355,1859.76,147,CHURNED
2375,1859.76,94,CHURNED
2378,1859.76,238,CHURNED
2382,1859.76,430,CHURNED
2383,1859.76,81,"AT RISK"
2385,1859.76,198,CHURNED
2397,1859.76,67,"AT RISK"
2413,1859.76,236,CHURNED
2427,1859.76,70,"AT RISK"
2434,1859.76,87,"AT RISK"
2448,1859.76,195,CHURNED
2454,1859.76,162,CHURNED
2457,1859.76,138,CHURNED
2468,1859.76,78,"AT RISK"
2474,1859.76,76,"AT RISK"
2483,1859.76,354,CHURNED
2527,1859.76,174,CHURNED
2530,1859.76,135,CHURNED
2533,1859.76,170,CHURNED
2558,1859.76,309,CHURNED
2562,1859.76,138,CHURNED
2584,1859.76,62,"AT RISK"
2586,1859.76,336,CHURNED
2608,1859.76,115,CHURNED
2626,1859.76,219,CHURNED
2633,1859.76,297,CHURNED
2647,1859.76,111,CHURNED
2655,1859.76,428,CHURNED
2661,1859.76,289,CHURNED
2666,1859.76,114,CHURNED
2680,1859.76,362,CHURNED
2691,1859.76,95,CHURNED
2699,1859.76,389,CHURNED
2704,1859.76,85,"AT RISK"
2712,1859.76,155,CHURNED
2718,1859.76,320,CHURNED
2744,1859.76,95,CHURNED
2746,1859.76,313,CHURNED
2760,1859.76,301,CHURNED
2762,1859.76,123,CHURNED
2765,1859.76,189,CHURNED
2783,1859.76,146,CHURNED
2785,1859.76,251,CHURNED
2797,1859.76,267,CHURNED
2812,1859.76,253,CHURNED
2815,1859.76,133,CHURNED
2829,1859.76,96,CHURNED
2837,1859.76,68,"AT RISK"
2879,1859.76,245,CHURNED
2883,1859.76,172,CHURNED
2912,1859.76,448,CHURNED
2917,1859.76,231,CHURNED
2929,1859.76,139,CHURNED
2940,1859.76,129,CHURNED
2949,1859.76,414,CHURNED
2957,1859.76,524,CHURNED
2962,1859.76,106,CHURNED
2976,1859.76,105,CHURNED
3009,1859.76,138,CHURNED
3021,1859.76,292,CHURNED
3029,1859.76,180,CHURNED
3036,1859.76,146,CHURNED
3039,1859.76,120,CHURNED
3052,1859.76,76,"AT RISK"
3057,1859.76,162,CHURNED
3075,1859.76,103,CHURNED
3080,1859.76,98,CHURNED
3084,1859.76,239,CHURNED
3087,1859.76,160,CHURNED
3091,1859.76,246,CHURNED
3098,1859.76,64,"AT RISK"
3107,1859.76,296,CHURNED
3115,1859.76,237,CHURNED
3136,1859.76,221,CHURNED
3154,1859.76,81,"AT RISK"
3173,1859.76,256,CHURNED
3192,1859.76,352,CHURNED
3193,1859.76,406,CHURNED
3207,1859.76,94,CHURNED
3214,1859.76,121,CHURNED
3227,1859.76,114,CHURNED
3230,1859.76,119,CHURNED
3236,1859.76,361,CHURNED
3237,1859.76,204,CHURNED
3245,1859.76,400,CHURNED
3249,1859.76,103,CHURNED
3254,1859.76,224,CHURNED
3272,1859.76,93,CHURNED
3277,1859.76,115,CHURNED
3284,1859.76,94,CHURNED
3299,1859.76,511,CHURNED
3303,1859.76,369,CHURNED
3308,1859.76,224,CHURNED
3337,1859.76,94,CHURNED
3348,1859.76,78,"AT RISK"
3353,1859.76,117,CHURNED
3356,1859.76,211,CHURNED
3357,1859.76,237,CHURNED
3359,1859.76,118,CHURNED
3363,1859.76,263,CHURNED
3373,1859.76,413,CHURNED
3384,1859.76,211,CHURNED
3393,1859.76,197,CHURNED
3401,1859.76,131,CHURNED
3402,1859.76,72,"AT RISK"
3420,1859.76,113,CHURNED
3424,1859.76,260,CHURNED
3441,1859.76,150,CHURNED
3450,1859.76,164,CHURNED
3454,1859.76,97,CHURNED
3455,1859.76,176,CHURNED
3459,1859.76,163,CHURNED
3477,1859.76,144,CHURNED
3484,1859.76,242,CHURNED
3499,1859.76,118,CHURNED
3505,1859.76,114,CHURNED
3507,1859.76,264,CHURNED
3509,1859.76,83,"AT RISK"
3528,1859.76,103,CHURNED
3564,1859.76,79,"AT RISK"
3574,1859.76,381,CHURNED
3585,1859.76,109,CHURNED
3614,1859.76,208,CHURNED
3626,1859.76,159,CHURNED
3632,1859.76,387,CHURNED
3633,1859.76,320,CHURNED
3634,1859.76,408,CHURNED
3639,1859.76,139,CHURNED
3641,1859.76,109,CHURNED
3647,1859.76,344,CHURNED
3649,1859.76,63,"AT RISK"
3650,1859.76,182,CHURNED
3655,1859.76,351,CHURNED
3658,1859.76,89,"AT RISK"
3661,1859.76,116,CHURNED
3687,1859.76,82,"AT RISK"
3688,1859.76,238,CHURNED
3694,1859.76,61,"AT RISK"
3698,1859.76,204,CHURNED
3699,1859.76,79,"AT RISK"
3718,1859.76,149,CHURNED
3719,1859.76,70,"AT RISK"
3730,1859.76,104,CHURNED
3740,1859.76,100,CHURNED
3743,1859.76,240,CHURNED
3776,1859.76,118,CHURNED
3788,1859.76,187,CHURNED
3825,1859.76,152,CHURNED
3843,1859.76,331,CHURNED
3898,1859.76,69,"AT RISK"
3909,1859.76,222,CHURNED
3910,1859.76,105,CHURNED
3930,1859.76,258,CHURNED
3942,1859.76,583,CHURNED
3980,1859.76,336,CHURNED
3982,1859.76,118,CHURNED
4017,1859.76,333,CHURNED
4024,1859.76,306,CHURNED
4050,1859.76,138,CHURNED
4070,1859.76,275,CHURNED
4077,1859.76,90,"AT RISK"
4102,1859.76,172,CHURNED
4108,1859.76,213,CHURNED
4116,1859.76,123,CHURNED
4124,1859.76,76,"AT RISK"
4131,1859.76,140,CHURNED
4133,1859.76,368,CHURNED
4142,1859.76,231,CHURNED
4160,1859.76,170,CHURNED
4163,1859.76,61,"AT RISK"
4169,1859.76,64,"AT RISK"
4171,1859.76,101,CHURNED
4172,1859.76,128,CHURNED
4182,1859.76,389,CHURNED
4189,1859.76,211,CHURNED
4200,1859.76,307,CHURNED
4202,1859.76,157,CHURNED
4208,1859.76,483,CHURNED
4213,1859.76,231,CHURNED
4222,1859.76,275,CHURNED
4228,1859.76,113,CHURNED
4244,1859.76,96,CHURNED
4264,1859.76,196,CHURNED
4269,1859.76,81,"AT RISK"
4313,1859.76,172,CHURNED
4315,1859.76,298,CHURNED
4370,1859.76,91,CHURNED
4375,1859.76,113,CHURNED
4376,1859.76,307,CHURNED
4381,1859.76,259,CHURNED
4383,1859.76,597,CHURNED
4404,1859.76,146,CHURNED
4411,1859.76,159,CHURNED
4415,1859.76,188,CHURNED
4439,1859.76,80,"AT RISK"
4455,1859.76,133,CHURNED
4459,1859.76,85,"AT RISK"
4462,1859.76,91,CHURNED
4463,1859.76,141,CHURNED
4467,1859.76,365,CHURNED
4468,1859.76,221,CHURNED
4470,1859.76,349,CHURNED
4493,1859.76,142,CHURNED
4494,1859.76,113,CHURNED
4513,1859.76,74,"AT RISK"
4522,1859.76,468,CHURNED
4529,1859.76,327,CHURNED
4543,1859.76,74,"AT RISK"
4555,1859.76,150,CHURNED
4572,1859.76,90,"AT RISK"
4576,1859.76,91,CHURNED
4599,1859.76,118,CHURNED
4615,1859.76,206,CHURNED
4623,1859.76,262,CHURNED
4630,1859.76,140,CHURNED
4643,1859.76,254,CHURNED
4652,1859.76,105,CHURNED
4660,1859.76,159,CHURNED
4664,1859.76,401,CHURNED
4679,1859.76,160,CHURNED
4687,1859.76,426,CHURNED
4692,1859.76,210,CHURNED
4703,1859.76,88,"AT RISK"
4707,1859.76,316,CHURNED
4713,1859.76,212,CHURNED
4721,1859.76,100,CHURNED
4733,1859.76,236,CHURNED
4774,1859.76,316,CHURNED
4782,1859.76,283,CHURNED
4783,1859.76,106,CHURNED
4805,1859.76,135,CHURNED
4816,1859.76,256,CHURNED
4825,1859.76,194,CHURNED
4831,1859.76,203,CHURNED
4853,1859.76,129,CHURNED
4878,1859.76,323,CHURNED
4882,1859.76,291,CHURNED
4894,1859.76,243,CHURNED
4895,1859.76,156,CHURNED
4934,1859.76,162,CHURNED
4939,1859.76,66,"AT RISK"
4950,1859.76,457,CHURNED
4971,1859.76,119,CHURNED
4987,1859.76,82,"AT RISK"
1017,1394.82,355,CHURNED
1033,1394.82,290,CHURNED
1047,1394.82,149,CHURNED
1053,1394.82,344,CHURNED
1057,1394.82,310,CHURNED
1063,1394.82,269,CHURNED
1090,1394.82,71,"AT RISK"
1096,1394.82,71,"AT RISK"
1097,1394.82,467,CHURNED
1107,1394.82,262,CHURNED
1108,1394.82,122,CHURNED
1113,1394.82,184,CHURNED
1119,1394.82,84,"AT RISK"
1134,1394.82,104,CHURNED
1150,1394.82,143,CHURNED
1177,1394.82,292,CHURNED
1183,1394.82,286,CHURNED
1195,1394.82,100,CHURNED
1198,1394.82,70,"AT RISK"
1199,1394.82,76,"AT RISK"
1210,1394.82,78,"AT RISK"
1211,1394.82,338,CHURNED
1221,1394.82,75,"AT RISK"
1237,1394.82,531,CHURNED
1257,1394.82,427,CHURNED
1262,1394.82,218,CHURNED
1295,1394.82,111,CHURNED
1300,1394.82,173,CHURNED
1308,1394.82,271,CHURNED
1311,1394.82,249,CHURNED
1353,1394.82,150,CHURNED
1367,1394.82,148,CHURNED
1387,1394.82,236,CHURNED
1399,1394.82,126,CHURNED
1429,1394.82,473,CHURNED
1436,1394.82,113,CHURNED
1466,1394.82,221,CHURNED
1468,1394.82,251,CHURNED
1476,1394.82,237,CHURNED
1479,1394.82,111,CHURNED
1481,1394.82,120,CHURNED
1495,1394.82,320,CHURNED
1511,1394.82,412,CHURNED
1518,1394.82,219,CHURNED
1534,1394.82,206,CHURNED
1542,1394.82,66,"AT RISK"
1577,1394.82,361,CHURNED
1599,1394.82,75,"AT RISK"
1620,1394.82,90,"AT RISK"
1642,1394.82,124,CHURNED
1670,1394.82,95,CHURNED
1677,1394.82,224,CHURNED
1683,1394.82,174,CHURNED
1690,1394.82,114,CHURNED
1708,1394.82,193,CHURNED
1720,1394.82,269,CHURNED
1749,1394.82,159,CHURNED
1751,1394.82,377,CHURNED
1776,1394.82,90,"AT RISK"
1781,1394.82,273,CHURNED
1795,1394.82,163,CHURNED
1811,1394.82,172,CHURNED
1853,1394.82,155,CHURNED
1876,1394.82,67,"AT RISK"
1893,1394.82,254,CHURNED
1900,1394.82,502,CHURNED
1960,1394.82,234,CHURNED
1970,1394.82,210,CHURNED
1980,1394.82,74,"AT RISK"
1994,1394.82,92,CHURNED
2002,1394.82,438,CHURNED
2007,1394.82,156,CHURNED
2018,1394.82,363,CHURNED
2021,1394.82,157,CHURNED
2033,1394.82,109,CHURNED
2039,1394.82,123,CHURNED
2103,1394.82,195,CHURNED
2120,1394.82,128,CHURNED
2121,1394.82,251,CHURNED
2123,1394.82,382,CHURNED
2128,1394.82,143,CHURNED
2142,1394.82,253,CHURNED
2149,1394.82,114,CHURNED
2174,1394.82,300,CHURNED
2175,1394.82,79,"AT RISK"
2181,1394.82,67,"AT RISK"
2188,1394.82,115,CHURNED
2190,1394.82,68,"AT RISK"
2200,1394.82,128,CHURNED
2210,1394.82,515,CHURNED
2237,1394.82,181,CHURNED
2267,1394.82,263,CHURNED
2323,1394.82,174,CHURNED
2328,1394.82,112,CHURNED
2342,1394.82,388,CHURNED
2370,1394.82,446,CHURNED
2406,1394.82,169,CHURNED
2407,1394.82,418,CHURNED
2412,1394.82,196,CHURNED
2418,1394.82,355,CHURNED
2452,1394.82,145,CHURNED
2456,1394.82,315,CHURNED
2514,1394.82,483,CHURNED
2554,1394.82,370,CHURNED
2575,1394.82,177,CHURNED
2632,1394.82,415,CHURNED
2662,1394.82,71,"AT RISK"
2684,1394.82,144,CHURNED
2688,1394.82,326,CHURNED
2697,1394.82,339,CHURNED
2703,1394.82,255,CHURNED
2720,1394.82,268,CHURNED
2726,1394.82,505,CHURNED
2737,1394.82,317,CHURNED
2739,1394.82,360,CHURNED
2761,1394.82,119,CHURNED
2770,1394.82,341,CHURNED
2788,1394.82,104,CHURNED
2804,1394.82,210,CHURNED
2819,1394.82,87,"AT RISK"
2899,1394.82,302,CHURNED
2902,1394.82,215,CHURNED
2954,1394.82,110,CHURNED
2965,1394.82,171,CHURNED
2978,1394.82,146,CHURNED
2988,1394.82,111,CHURNED
3012,1394.82,515,CHURNED
3049,1394.82,142,CHURNED
3065,1394.82,149,CHURNED
3069,1394.82,68,"AT RISK"
3083,1394.82,382,CHURNED
3095,1394.82,89,"AT RISK"
3117,1394.82,160,CHURNED
3119,1394.82,63,"AT RISK"
3124,1394.82,346,CHURNED
3157,1394.82,232,CHURNED
3162,1394.82,205,CHURNED
3171,1394.82,205,CHURNED
3174,1394.82,223,CHURNED
3184,1394.82,168,CHURNED
3200,1394.82,100,CHURNED
3213,1394.82,632,CHURNED
3215,1394.82,401,CHURNED
3247,1394.82,280,CHURNED
3250,1394.82,257,CHURNED
3252,1394.82,293,CHURNED
3288,1394.82,64,"AT RISK"
3298,1394.82,318,CHURNED
3312,1394.82,213,CHURNED
3328,1394.82,466,CHURNED
3342,1394.82,171,CHURNED
3344,1394.82,249,CHURNED
3346,1394.82,279,CHURNED
3366,1394.82,250,CHURNED
3370,1394.82,422,CHURNED
3387,1394.82,230,CHURNED
3406,1394.82,166,CHURNED
3408,1394.82,152,CHURNED
3464,1394.82,379,CHURNED
3471,1394.82,249,CHURNED
3480,1394.82,111,CHURNED
3483,1394.82,573,CHURNED
3498,1394.82,385,CHURNED
3530,1394.82,221,CHURNED
3535,1394.82,220,CHURNED
3545,1394.82,211,CHURNED
3557,1394.82,104,CHURNED
3570,1394.82,366,CHURNED
3579,1394.82,111,CHURNED
3586,1394.82,151,CHURNED
3602,1394.82,239,CHURNED
3603,1394.82,320,CHURNED
3610,1394.82,319,CHURNED
3616,1394.82,70,"AT RISK"
3618,1394.82,297,CHURNED
3619,1394.82,170,CHURNED
3622,1394.82,609,CHURNED
3627,1394.82,65,"AT RISK"
3629,1394.82,173,CHURNED
3638,1394.82,221,CHURNED
3644,1394.82,239,CHURNED
3663,1394.82,405,CHURNED
3673,1394.82,176,CHURNED
3676,1394.82,203,CHURNED
3684,1394.82,218,CHURNED
3701,1394.82,465,CHURNED
3707,1394.82,301,CHURNED
3716,1394.82,76,"AT RISK"
3736,1394.82,158,CHURNED
3767,1394.82,288,CHURNED
3783,1394.82,275,CHURNED
3797,1394.82,127,CHURNED
3807,1394.82,164,CHURNED
3816,1394.82,175,CHURNED
3818,1394.82,272,CHURNED
3830,1394.82,80,"AT RISK"
3864,1394.82,495,CHURNED
3874,1394.82,174,CHURNED
3882,1394.82,93,CHURNED
3937,1394.82,209,CHURNED
3974,1394.82,211,CHURNED
4001,1394.82,93,CHURNED
4014,1394.82,363,CHURNED
4038,1394.82,135,CHURNED
4047,1394.82,244,CHURNED
4053,1394.82,285,CHURNED
4060,1394.82,141,CHURNED
4095,1394.82,138,CHURNED
4125,1394.82,500,CHURNED
4127,1394.82,93,CHURNED
4128,1394.82,279,CHURNED
4143,1394.82,521,CHURNED
4181,1394.82,145,CHURNED
4193,1394.82,519,CHURNED
4206,1394.82,214,CHURNED
4221,1394.82,62,"AT RISK"
4230,1394.82,102,CHURNED
4245,1394.82,186,CHURNED
4248,1394.82,304,CHURNED
4250,1394.82,146,CHURNED
4252,1394.82,320,CHURNED
4263,1394.82,123,CHURNED
4268,1394.82,103,CHURNED
4288,1394.82,160,CHURNED
4305,1394.82,190,CHURNED
4328,1394.82,243,CHURNED
4362,1394.82,189,CHURNED
4366,1394.82,324,CHURNED
4379,1394.82,212,CHURNED
4393,1394.82,250,CHURNED
4396,1394.82,165,CHURNED
4399,1394.82,129,CHURNED
4400,1394.82,241,CHURNED
4418,1394.82,111,CHURNED
4419,1394.82,290,CHURNED
4429,1394.82,276,CHURNED
4437,1394.82,314,CHURNED
4458,1394.82,137,CHURNED
4492,1394.82,68,"AT RISK"
4517,1394.82,88,"AT RISK"
4528,1394.82,139,CHURNED
4540,1394.82,135,CHURNED
4544,1394.82,525,CHURNED
4550,1394.82,161,CHURNED
4570,1394.82,99,CHURNED
4620,1394.82,250,CHURNED
4624,1394.82,383,CHURNED
4668,1394.82,133,CHURNED
4669,1394.82,149,CHURNED
4671,1394.82,322,CHURNED
4684,1394.82,114,CHURNED
4705,1394.82,87,"AT RISK"
4706,1394.82,245,CHURNED
4739,1394.82,351,CHURNED
4763,1394.82,84,"AT RISK"
4776,1394.82,71,"AT RISK"
4790,1394.82,212,CHURNED
4812,1394.82,155,CHURNED
4813,1394.82,219,CHURNED
4821,1394.82,302,CHURNED
4822,1394.82,238,CHURNED
4834,1394.82,174,CHURNED
4836,1394.82,311,CHURNED
4838,1394.82,71,"AT RISK"
4840,1394.82,119,CHURNED
4848,1394.82,375,CHURNED
4852,1394.82,240,CHURNED
4913,1394.82,355,CHURNED
4922,1394.82,112,CHURNED
4931,1394.82,132,CHURNED
4944,1394.82,80,"AT RISK"
4946,1394.82,280,CHURNED
4961,1394.82,224,CHURNED
4965,1394.82,93,CHURNED
4990,1394.82,127,CHURNED
1003,929.88,172,CHURNED
1019,929.88,281,CHURNED
1032,929.88,391,CHURNED
1101,929.88,282,CHURNED
1149,929.88,410,CHURNED
1173,929.88,64,"AT RISK"
1247,929.88,234,CHURNED
1263,929.88,527,CHURNED
1286,929.88,405,CHURNED
1315,929.88,242,CHURNED
1336,929.88,329,CHURNED
1345,929.88,525,CHURNED
1408,929.88,226,CHURNED
1423,929.88,193,CHURNED
1450,929.88,539,CHURNED
1457,929.88,358,CHURNED
1538,929.88,70,"AT RISK"
1576,929.88,62,"AT RISK"
1624,929.88,628,CHURNED
1635,929.88,65,"AT RISK"
1647,929.88,273,CHURNED
1676,929.88,445,CHURNED
1733,929.88,164,CHURNED
1807,929.88,358,CHURNED
1878,929.88,507,CHURNED
1921,929.88,327,CHURNED
1932,929.88,153,CHURNED
2010,929.88,462,CHURNED
2020,929.88,245,CHURNED
2023,929.88,65,"AT RISK"
2027,929.88,103,CHURNED
2056,929.88,272,CHURNED
2078,929.88,415,CHURNED
2084,929.88,252,CHURNED
2090,929.88,364,CHURNED
2108,929.88,208,CHURNED
2144,929.88,61,"AT RISK"
2163,929.88,211,CHURNED
2199,929.88,180,CHURNED
2229,929.88,670,CHURNED
2263,929.88,558,CHURNED
2290,929.88,199,CHURNED
2322,929.88,507,CHURNED
2402,929.88,295,CHURNED
2429,929.88,491,CHURNED
2470,929.88,421,CHURNED
2476,929.88,372,CHURNED
2480,929.88,306,CHURNED
2488,929.88,264,CHURNED
2501,929.88,228,CHURNED
2512,929.88,96,CHURNED
2557,929.88,303,CHURNED
2569,929.88,312,CHURNED
2580,929.88,385,CHURNED
2606,929.88,154,CHURNED
2611,929.88,403,CHURNED
2615,929.88,125,CHURNED
2618,929.88,208,CHURNED
2696,929.88,179,CHURNED
2713,929.88,328,CHURNED
2752,929.88,62,"AT RISK"
2766,929.88,115,CHURNED
2803,929.88,202,CHURNED
2862,929.88,361,CHURNED
2864,929.88,166,CHURNED
2867,929.88,214,CHURNED
2933,929.88,242,CHURNED
3002,929.88,155,CHURNED
3023,929.88,560,CHURNED
3066,929.88,464,CHURNED
3077,929.88,96,CHURNED
3082,929.88,271,CHURNED
3085,929.88,557,CHURNED
3128,929.88,102,CHURNED
3129,929.88,554,CHURNED
3141,929.88,152,CHURNED
3177,929.88,345,CHURNED
3183,929.88,87,"AT RISK"
3210,929.88,438,CHURNED
3221,929.88,223,CHURNED
3232,929.88,62,"AT RISK"
3301,929.88,459,CHURNED
3319,929.88,284,CHURNED
3388,929.88,145,CHURNED
3436,929.88,268,CHURNED
3439,929.88,133,CHURNED
3453,929.88,591,CHURNED
3465,929.88,157,CHURNED
3495,929.88,575,CHURNED
3519,929.88,335,CHURNED
3554,929.88,349,CHURNED
3573,929.88,100,CHURNED
3678,929.88,294,CHURNED
3683,929.88,157,CHURNED
3706,929.88,178,CHURNED
3712,929.88,268,CHURNED
3714,929.88,110,CHURNED
3728,929.88,152,CHURNED
3748,929.88,289,CHURNED
3753,929.88,275,CHURNED
3771,929.88,163,CHURNED
3792,929.88,124,CHURNED
3855,929.88,251,CHURNED
3858,929.88,386,CHURNED
3876,929.88,116,CHURNED
3927,929.88,105,CHURNED
3932,929.88,337,CHURNED
3948,929.88,70,"AT RISK"
3954,929.88,230,CHURNED
3997,929.88,119,CHURNED
4000,929.88,147,CHURNED
4013,929.88,191,CHURNED
4082,929.88,479,CHURNED
4132,929.88,211,CHURNED
4135,929.88,72,"AT RISK"
4187,929.88,68,"AT RISK"
4194,929.88,97,CHURNED
4211,929.88,426,CHURNED
4256,929.88,532,CHURNED
4290,929.88,238,CHURNED
4316,929.88,247,CHURNED
4321,929.88,515,CHURNED
4378,929.88,197,CHURNED
4434,929.88,118,CHURNED
4443,929.88,403,CHURNED
4469,929.88,341,CHURNED
4481,929.88,104,CHURNED
4482,929.88,184,CHURNED
4488,929.88,254,CHURNED
4564,929.88,136,CHURNED
4589,929.88,283,CHURNED
4617,929.88,174,CHURNED
4635,929.88,193,CHURNED
4649,929.88,166,CHURNED
4651,929.88,73,"AT RISK"
4686,929.88,126,CHURNED
4710,929.88,283,CHURNED
4725,929.88,248,CHURNED
4781,929.88,121,CHURNED
4784,929.88,121,CHURNED
4859,929.88,447,CHURNED
4880,929.88,122,CHURNED
4887,929.88,162,CHURNED
4889,929.88,205,CHURNED
4929,929.88,116,CHURNED
4933,929.88,588,CHURNED
4945,929.88,150,CHURNED
4978,929.88,690,CHURNED
1014,464.94,383,CHURNED
1093,464.94,704,CHURNED
1169,464.94,508,CHURNED
1217,464.94,389,CHURNED
1290,464.94,336,CHURNED
1291,464.94,261,CHURNED
1297,464.94,107,CHURNED
1321,464.94,429,CHURNED
1346,464.94,679,CHURNED
1351,464.94,420,CHURNED
1379,464.94,267,CHURNED
1543,464.94,90,"AT RISK"
1856,464.94,442,CHURNED
1927,464.94,457,CHURNED
1937,464.94,650,CHURNED
2044,464.94,77,"AT RISK"
2087,464.94,100,CHURNED
2453,464.94,295,CHURNED
2650,464.94,607,CHURNED
2747,464.94,161,CHURNED
2807,464.94,480,CHURNED
3127,464.94,214,CHURNED
3189,464.94,289,CHURNED
3229,464.94,699,CHURNED
3238,464.94,91,CHURNED
3270,464.94,254,CHURNED
3325,464.94,66,"AT RISK"
3405,464.94,587,CHURNED
3516,464.94,315,CHURNED
3534,464.94,618,CHURNED
3592,464.94,611,CHURNED
3609,464.94,300,CHURNED
3751,464.94,478,CHURNED
3820,464.94,190,CHURNED
3955,464.94,636,CHURNED
4519,464.94,553,CHURNED
4826,464.94,346,CHURNED
4844,464.94,726,CHURNED
